{
	"info": {
		"_postman_id": "577444cb-5929-467b-9424-a988dc36d4fd",
		"name": "ExtraaEdge Application API",
		"schema": "https://schema.getpostman.com/json/collection/v2.1.0/collection.json"
	},
	"item": [
		{
			"name": "Master Data",
			"item": [
				{
					"name": "http://localhost:7001/api/AddBrand?name=Apple",
					"request": {
						"method": "POST",
						"header": [],
						"url": {
							"raw": "http://localhost:7001/api/AddBrand?name=Apple",
							"protocol": "http",
							"host": [
								"localhost"
							],
							"port": "7001",
							"path": [
								"api",
								"AddBrand"
							],
							"query": [
								{
									"key": "name",
									"value": "Apple"
								}
							]
						}
					},
					"response": []
				},
				{
					"name": "http://localhost:7001/api/GetBrands",
					"request": {
						"method": "GET",
						"header": [],
						"url": {
							"raw": "http://localhost:7001/api/GetBrands",
							"protocol": "http",
							"host": [
								"localhost"
							],
							"port": "7001",
							"path": [
								"api",
								"GetBrands"
							]
						}
					},
					"response": []
				},
				{
					"name": "http://localhost:7001/api/AddModel?name=I Phone 8&brandID=1",
					"request": {
						"method": "POST",
						"header": [],
						"url": {
							"raw": "http://localhost:7001/api/AddModel?name=I Phone 11&brandID=1",
							"protocol": "http",
							"host": [
								"localhost"
							],
							"port": "7001",
							"path": [
								"api",
								"AddModel"
							],
							"query": [
								{
									"key": "name",
									"value": "I Phone 11"
								},
								{
									"key": "brandID",
									"value": "1"
								}
							]
						}
					},
					"response": []
				},
				{
					"name": "http://localhost:7001/api/GetModels",
					"request": {
						"method": "GET",
						"header": [],
						"url": {
							"raw": "http://localhost:7001/api/GetModels",
							"protocol": "http",
							"host": [
								"localhost"
							],
							"port": "7001",
							"path": [
								"api",
								"GetModels"
							]
						}
					},
					"response": []
				}
			]
		},
		{
			"name": "Transaction Data",
			"item": [
				{
					"name": "http://localhost:7001/api/AddPurchaseDetails",
					"request": {
						"method": "POST",
						"header": [],
						"body": {
							"mode": "raw",
							"raw": "{\r\n  \"Date\": \"2021-10-16\",\r\n  \"VendorName\": \"ABC\",\r\n  \"VendorContactNumber\": \"9970932521\",\r\n  \"ModelID\" : 1,\r\n  \"Quantity\" : 5,\r\n  \"Price\" : 60000\r\n}",
							"options": {
								"raw": {
									"language": "json"
								}
							}
						},
						"url": {
							"raw": "http://localhost:7001/api/AddPurchaseDetails",
							"protocol": "http",
							"host": [
								"localhost"
							],
							"port": "7001",
							"path": [
								"api",
								"AddPurchaseDetails"
							]
						}
					},
					"response": []
				},
				{
					"name": "http://localhost:7001/api/AddSalesDetails",
					"request": {
						"method": "POST",
						"header": [],
						"body": {
							"mode": "raw",
							"raw": "{\r\n  \"Date\": \"2021-10-16\",\r\n  \"customerName\": \"Abhinandan\",\r\n  \"customerContactNumber\": \"9970932521\",\r\n  \"Items\": [\r\n\t\t{\r\n\t\t  \"model_ID\": 5,\r\n\t\t  \"model\": \"\",\r\n\t\t  \"imei\": \"88774455221\",\r\n\t\t  \"quantity\": 1,\r\n\t\t  \"mrp\": 16000,\r\n\t\t  \"discount\": 1200,\r\n\t\t  \"sellPrice\": 14800\r\n\t\t}\r\n\t]\r\n}",
							"options": {
								"raw": {
									"language": "json"
								}
							}
						},
						"url": {
							"raw": "http://localhost:7001/api/AddSalesDetails",
							"protocol": "http",
							"host": [
								"localhost"
							],
							"port": "7001",
							"path": [
								"api",
								"AddSalesDetails"
							]
						}
					},
					"response": []
				}
			]
		},
		{
			"name": "Reports",
			"item": [
				{
					"name": "http://localhost:7001/api/GetMonthlySalesReport?fromDate=2021-10-15&toDate=2021-10-18",
					"request": {
						"method": "GET",
						"header": [],
						"url": {
							"raw": "http://localhost:7001/api/GetMonthlySalesReport?fromDate=2021-10-15&toDate=2021-10-18",
							"protocol": "http",
							"host": [
								"localhost"
							],
							"port": "7001",
							"path": [
								"api",
								"GetMonthlySalesReport"
							],
							"query": [
								{
									"key": "fromDate",
									"value": "2021-10-15"
								},
								{
									"key": "toDate",
									"value": "2021-10-18"
								}
							]
						}
					},
					"response": []
				},
				{
					"name": "http://localhost:7001/api/GetMonthlyModelWiseSalesReport?fromDate=2021-10-15&toDate=2021-10-18&modelId=2",
					"request": {
						"method": "GET",
						"header": [],
						"url": {
							"raw": "http://localhost:7001/api/GetMonthlyModelWiseSalesReport?fromDate=2021-10-15&toDate=2021-10-18&modelId=1",
							"protocol": "http",
							"host": [
								"localhost"
							],
							"port": "7001",
							"path": [
								"api",
								"GetMonthlyModelWiseSalesReport"
							],
							"query": [
								{
									"key": "fromDate",
									"value": "2021-10-15"
								},
								{
									"key": "toDate",
									"value": "2021-10-18"
								},
								{
									"key": "modelId",
									"value": "1"
								}
							]
						}
					},
					"response": []
				},
				{
					"name": "http://localhost:7001/api/GetMonthlyBrandWiseSalesReport?fromDate=2021-10-15&toDate=2021-10-18&brandId=1",
					"request": {
						"method": "GET",
						"header": [],
						"url": {
							"raw": "http://localhost:7001/api/GetMonthlyBrandWiseSalesReport?fromDate=2021-10-15&toDate=2021-10-18&brandId=2",
							"protocol": "http",
							"host": [
								"localhost"
							],
							"port": "7001",
							"path": [
								"api",
								"GetMonthlyBrandWiseSalesReport"
							],
							"query": [
								{
									"key": "fromDate",
									"value": "2021-10-15"
								},
								{
									"key": "toDate",
									"value": "2021-10-18"
								},
								{
									"key": "brandId",
									"value": "2"
								}
							]
						}
					},
					"response": []
				},
				{
					"name": "http://localhost:7001/api/GetBestSellingPriceOfModel?modelId=1",
					"request": {
						"method": "GET",
						"header": [],
						"url": {
							"raw": "http://localhost:7001/api/GetBestSellingPriceOfModel?modelId=3",
							"protocol": "http",
							"host": [
								"localhost"
							],
							"port": "7001",
							"path": [
								"api",
								"GetBestSellingPriceOfModel"
							],
							"query": [
								{
									"key": "modelId",
									"value": "3"
								}
							]
						}
					},
					"response": []
				},
				{
					"name": "http://localhost:7001/api/GetProfitAndLossReport?fromDate=2021-10-15&toDate=2021-10-18",
					"request": {
						"method": "GET",
						"header": [],
						"url": {
							"raw": "http://localhost:7001/api/GetProfitAndLossReport?fromDate=2021-10-15&toDate=2021-10-18",
							"protocol": "http",
							"host": [
								"localhost"
							],
							"port": "7001",
							"path": [
								"api",
								"GetProfitAndLossReport"
							],
							"query": [
								{
									"key": "fromDate",
									"value": "2021-10-15"
								},
								{
									"key": "toDate",
									"value": "2021-10-18"
								}
							]
						}
					},
					"response": []
				}
			]
		}
	]
}